date,AK_daily_pos,AL_daily_pos,AR_daily_pos,AZ_daily_pos,CA_daily_pos,CO_daily_pos,CT_daily_pos,DC_daily_pos,DE_daily_pos,FL_daily_pos,GA_daily_pos,HI_daily_pos,IA_daily_pos,ID_daily_pos,IL_daily_pos,IN_daily_pos,KS_daily_pos,KY_daily_pos,LA_daily_pos,MA_daily_pos,MD_daily_pos,ME_daily_pos,MI_daily_pos,MN_daily_pos,MO_daily_pos,MS_daily_pos,MT_daily_pos,NC_daily_pos,ND_daily_pos,NE_daily_pos,NH_daily_pos,NJ_daily_pos,NM_daily_pos,NV_daily_pos,NY_daily_pos,OH_daily_pos,OK_daily_pos,OR_daily_pos,PA_daily_pos,RI_daily_pos,SC_daily_pos,SD_daily_pos,TN_daily_pos,TX_daily_pos,UT_daily_pos,VA_daily_pos,VT_daily_pos,WA_daily_pos,WI_daily_pos,WV_daily_pos,WY_daily_pos
3/21/2020,2,43,22,39,216,86,1,6,7,138,87,11,23,8,168,47,11,7,107,112,41,16,804,24,26,60,4,47,8,6,11,437,14,15,536,78,4,1,103,14,71,1,143,110,24,38,8,286,80,4,4
3/22/2020,8,14,47,48,257,112,29,21,11,172,93,11,22,11,296,75,9,45,257,121,54,16,799,22,17,67,11,71,1,10,10,587,1,66,750,104,14,47,108,25,43,7,134,30,45,67,24,284,110,1,1
3/23/2020,1,29,9,113,197,116,192,18,12,341,172,8,15,5,224,58,18,5,335,131,44,18,1240,44,93,42,3,42,2,2,13,930,8,55,753,91,14,30,165,16,103,7,110,18,76,35,21,447,41,4,2
3/24/2020,14,48,44,92,369,129,203,21,23,241,254,21,19,3,262,106,16,20,216,382,61,18,1093,51,1,71,12,101,4,2,23,831,18,33,811,122,25,18,207,19,1,2,52,58,42,36,28,355,59,4,3
3/25/2020,6,68,62,93,253,192,257,46,24,270,221,13,21,23,330,112,28,33,407,679,74,24,1180,58,173,57,7,106,5,9,7,727,17,43,705,140,58,1,276,28,126,11,117,564,47,101,35,406,142,19,15
3/26/2020,17,223,55,127,651,174,137,48,15,673,278,5,34,50,673,168,42,41,510,579,157,6,1140,63,146,108,18,132,13,12,29,2474,12,99,855,163,84,118,560,41,32,5,173,422,56,69,25,371,139,12,9
3/27/2020,10,81,46,159,873,344,279,36,33,410,476,11,56,66,488,336,34,50,441,833,194,13,1324,75,167,94,37,127,13,12,21,1949,24,115,519,270,74,87,531,31,1,12,246,335,78,144,28,376,163,25,17
3/28/2020,16,109,23,137,764,304,1,37,51,998,365,14,63,41,465,251,59,54,569,1007,218,43,1066,47,169,84,21,172,18,11,29,2299,55,86,502,269,55,65,533,64,83,10,170,321,122,135,21,321,165,20,12
3/29/2020,17,110,22,46,1065,327,702,38,18,483,285,31,38,31,1105,282,58,92,225,698,247,42,919,38,1,95,25,105,15,12,27,2262,46,117,754,247,52,69,643,105,235,22,164,500,117,151,22,318,142,17,4
3/30/2020,12,53,47,238,739,566,578,59,32,1227,158,24,88,49,461,272,49,45,485,797,174,22,1579,98,193,89,17,267,11,37,100,3250,1,270,776,280,52,58,693,78,151,11,297,325,87,130,37,405,146,13,8
3/31/2020,5,122,50,132,1035,1,557,94,55,865,1120,29,73,105,937,373,60,41,1212,868,247,28,1291,93,296,90,13,191,17,27,1,2060,44,105,769,266,84,84,756,73,158,7,405,389,81,230,27,311,163,36,15
4/1/2020,14,96,61,124,673,339,429,91,49,617,709,4,52,110,986,406,54,111,1187,1118,325,41,1592,57,254,136,24,86,16,38,101,3559,34,166,831,348,154,46,962,100,210,21,444,731,125,234,39,438,236,29,21
4/2/2020,10,156,59,185,1036,376,267,67,25,1055,710,50,65,144,715,474,70,89,2726,1228,346,32,1130,83,253,104,19,273,17,36,1,3335,48,179,912,355,160,90,1211,62,261,36,162,672,62,222,31,332,219,26,20
4/3/2020,14,199,61,171,1510,386,1090,104,57,1575,483,27,85,222,1209,398,68,90,1147,1436,427,56,1203,63,279,181,16,236,14,33,64,4305,40,56,557,410,109,73,1404,101,1,22,222,661,172,306,70,284,223,20,12
4/4/2020,14,148,39,250,1325,445,362,145,143,1526,329,34,87,122,1453,516,78,61,2199,1334,367,24,1002,39,178,97,22,309,13,42,61,4229,92,228,677,427,171,100,1597,137,363,25,254,780,182,395,52,247,213,45,25
4/5/2020,14,216,87,250,1412,392,399,96,80,1040,487,32,82,64,899,458,49,86,514,765,484,14,877,59,76,183,21,183,21,42,81,3381,48,94,730,304,93,69,1493,182,132,28,312,702,177,230,31,221,167,42,10
4/6/2020,6,172,45,187,898,385,1231,99,1,1173,667,20,78,24,1006,533,98,38,1857,1337,436,29,1327,113,355,100,13,285,18,46,48,3585,81,117,786,407,75,64,1470,206,1,48,169,464,70,241,32,329,223,21,13
4/7/2020,22,151,71,119,1529,222,875,114,255,1423,1504,16,102,69,1287,563,55,53,1417,1365,326,20,1179,102,315,177,20,351,12,38,46,3326,62,134,584,332,145,49,1579,261,368,32,336,986,63,455,33,265,198,67,6
4/8/2020,13,250,54,151,1092,257,1,229,1,708,1083,23,97,40,1529,436,146,141,746,1588,1158,18,1100,102,290,88,13,205,14,72,73,3021,108,231,692,366,52,58,1680,273,135,73,224,1091,108,312,23,284,215,50,5
4/9/2020,9,400,119,292,1352,226,2003,83,279,909,665,25,125,22,1344,408,60,197,1253,2151,656,23,1032,103,212,257,22,225,18,48,1,3590,71,138,588,364,160,82,1989,279,240,54,272,877,130,397,49,287,164,61,9
4/10/2020,11,199,52,94,1163,855,754,137,119,1167,917,7,118,121,1465,556,60,347,970,2035,783,26,1076,95,260,209,11,257,9,68,31,3561,226,128,518,366,110,1,1751,404,273,89,228,1441,126,467,33,277,222,31,23
4/11/2020,11,223,55,281,1143,1,972,118,153,963,676,23,122,43,1293,528,102,1,761,1888,726,30,808,74,225,173,12,404,15,65,66,3563,1,116,533,372,74,50,1676,280,142,90,252,890,104,568,20,210,157,23,8
4/12/2020,15,334,54,146,1179,383,525,97,1,861,293,21,77,11,1672,493,69,147,581,2615,531,17,686,58,136,139,10,208,15,91,44,3699,83,136,726,354,102,156,1178,289,112,104,194,923,97,197,21,170,142,34,1
4/13/2020,5,209,130,163,554,791,1346,80,146,1246,863,13,123,19,1173,308,39,123,421,1413,711,65,1036,148,228,161,7,296,23,23,56,2734,71,135,918,371,99,57,1366,187,1,138,302,422,60,473,7,304,116,15,14
4/14/2020,8,142,70,104,990,7,608,103,136,766,908,5,189,27,1222,291,50,85,502,1315,536,36,911,153,298,145,5,208,10,57,35,4240,100,117,875,305,115,49,1146,267,234,120,213,718,49,424,9,224,166,14,1
4/15/2020,8,237,89,156,1086,250,766,139,253,1144,764,13,96,11,1346,428,68,162,433,1861,560,36,920,156,209,273,5,99,24,30,119,2206,62,123,625,511,79,30,1145,307,103,180,256,868,130,329,9,316,207,62,12
4/16/2020,7,232,51,272,1758,339,1129,153,61,386,682,13,146,123,1140,587,94,81,581,2522,752,26,922,165,216,264,11,342,28,51,1,4287,77,110,524,623,94,73,1245,392,1,143,183,963,141,389,13,253,183,37,9
4/17/2020,9,185,75,273,1346,395,925,126,248,1222,1525,11,191,22,1842,612,117,138,586,2633,788,31,865,182,172,169,7,394,46,114,148,3150,113,203,391,693,108,49,1706,290,275,100,327,916,122,602,10,302,203,15,1
4/18/2020,5,125,44,212,1435,372,1,190,1,1150,475,12,181,46,1585,487,85,93,462,2402,736,20,709,120,234,181,4,281,89,72,1,2953,114,102,616,1115,105,59,1628,283,315,131,173,889,126,562,11,233,174,31,9
4/19/2020,5,182,42,210,1370,386,741,127,215,727,632,21,389,13,1197,569,59,185,348,2293,522,20,528,126,150,300,7,353,57,149,55,3881,87,102,703,1380,29,66,1215,339,131,93,308,663,138,484,4,176,163,78,4
4/20/2020,2,188,142,135,645,297,2265,134,207,664,646,6,257,4,1151,476,137,253,595,1596,854,8,937,276,140,238,1,271,42,187,50,3505,47,102,805,1317,81,46,948,378,1,50,168,535,144,453,3,307,177,39,4
4/21/2020,8,206,304,187,2283,376,545,171,186,835,934,4,482,64,1551,411,39,90,331,1752,509,13,1095,262,134,204,4,187,17,174,99,3581,126,107,749,806,127,46,1296,387,62,70,156,738,83,640,8,243,156,12,7
4/22/2020,6,234,49,208,2135,341,2109,108,269,814,859,2,107,30,2049,341,186,142,404,1745,582,19,1116,306,196,178,2,269,35,74,1,3478,101,144,581,392,87,57,1156,382,322,103,448,873,149,636,3,242,257,25,2
4/23/2020,2,313,189,310,1973,431,631,155,108,523,772,6,176,36,1826,601,271,181,481,3079,962,30,989,512,184,259,3,388,30,91,97,4124,138,127,597,577,123,68,1369,419,156,98,424,875,167,732,3,253,245,28,4
4/24/2020,2,54,276,276,1885,384,821,167,134,1342,635,4,521,34,2724,641,295,108,401,2977,879,28,1036,518,304,281,2,444,39,311,82,2207,169,190,552,475,104,50,1599,415,1,84,460,862,170,596,9,285,353,21,23
4/25/2020,1,305,88,235,1883,994,661,171,134,665,548,5,647,34,2119,715,279,298,372,2379,1150,25,533,339,201,284,1,571,55,297,50,3327,142,141,664,418,72,76,1397,305,336,107,463,967,166,772,9,197,351,32,1
4/26/2020,2,133,112,246,1027,712,687,142,458,689,706,2,384,17,2126,617,118,126,261,1590,815,25,526,385,171,193,3,207,64,311,67,3515,139,63,716,376,60,58,1116,276,237,65,478,858,175,604,3,182,248,24,13
4/27/2020,4,229,76,190,1300,473,1,51,128,610,512,3,392,10,1980,949,154,169,295,1524,906,8,920,675,174,183,1,312,75,296,77,2150,66,88,796,362,27,43,885,203,1,33,251,666,110,565,7,274,198,19,8
4/28/2020,6,188,94,232,1567,438,1043,102,413,708,702,1,508,20,2219,627,163,72,218,1840,626,17,829,601,132,248,2,426,49,330,74,2668,97,115,618,444,130,1,1214,324,123,68,134,874,110,804,1,232,230,16,19
4/29/2020,4,155,81,254,1469,856,455,112,80,347,1008,2,467,35,2253,594,247,229,374,1963,736,16,950,680,122,227,1,380,42,16,72,2408,151,93,567,534,63,92,1102,372,268,60,314,883,152,622,4,244,269,16,147
4/30/2020,1,177,63,446,2417,23,933,217,79,497,532,4,302,32,2563,653,500,164,341,1940,893,39,1017,648,137,246,2,561,34,410,44,2388,239,100,631,724,145,64,1397,348,214,76,369,1033,177,885,13,267,392,23,8
5/1/2020,9,139,66,314,1525,526,1064,335,184,1038,1115,5,739,31,3137,795,211,169,710,2106,1730,28,735,620,273,397,1,414,40,497,92,2538,198,229,620,716,130,69,1208,317,163,76,1156,1142,156,1055,6,344,498,18,15
5/2/2020,1,276,51,402,1755,484,1,139,120,735,1036,1,757,20,2450,665,297,171,429,1952,1001,29,432,335,319,229,2,586,46,557,164,2527,102,84,694,592,103,56,1334,189,231,63,770,1293,153,830,11,149,370,33,7
5/3/2020,3,291,59,276,1419,457,523,219,170,615,296,1,528,26,2994,638,284,1,200,1824,989,33,357,340,232,109,1,155,38,488,119,3027,219,115,916,579,121,45,962,181,137,43,516,1026,194,940,5,141,307,22,13
5/4/2020,2,300,27,279,1321,410,1,154,80,819,766,1,534,1,2341,574,215,251,333,1000,946,20,780,824,368,327,2,184,34,584,159,1525,118,65,822,560,72,79,825,291,1,37,394,784,142,821,5,266,311,15,7
5/5/2020,1,260,38,386,1275,272,1334,152,83,542,343,1,408,45,2122,526,213,115,323,1184,709,21,688,641,162,330,1,408,41,173,1,2324,181,103,736,495,83,80,865,303,131,53,119,1037,132,764,3,261,358,32,10
5/6/2020,1,296,72,402,2603,457,374,139,407,563,985,4,293,21,2270,837,276,577,403,1754,1046,28,634,634,186,217,1,502,57,355,48,1297,107,69,674,607,74,77,888,342,179,58,248,1053,146,1,5,248,366,10,8
5/7/2020,2,317,43,238,1799,466,789,193,161,826,743,1,655,31,2641,633,410,112,253,1696,1211,76,600,818,239,262,1,639,48,333,104,1745,153,103,683,555,129,73,1070,271,1,126,158,968,129,1314,2,196,359,39,27
5/8/2020,3,323,83,581,1898,971,627,245,172,371,667,3,398,20,2887,643,357,195,203,1612,1111,44,618,712,148,404,2,471,54,419,103,1819,202,118,702,885,94,79,1323,231,206,239,345,1219,195,772,2,210,409,23,4
5/9/2020,1,346,53,434,2049,26,573,203,166,802,426,1,214,27,2325,586,250,159,562,1410,1049,34,383,281,177,288,1,492,39,641,104,1631,180,144,781,681,66,92,1078,286,389,249,327,1251,184,854,8,151,372,25,9
5/10/2020,1,210,1,159,2119,876,570,170,170,595,909,2,288,25,1656,394,197,152,183,1050,1053,28,301,231,178,123,1,404,27,403,64,1447,105,70,1108,384,99,68,1295,186,122,124,217,1009,148,885,1,174,292,25,17
5/11/2020,2,232,287,261,1259,196,211,117,118,386,486,1,414,1,1266,501,168,1,215,669,786,26,971,827,74,173,1,281,27,81,149,1413,85,54,1075,696,24,58,543,175,1,97,559,1000,111,989,1,292,226,6,1
5/12/2020,2,301,130,356,1443,1,568,96,176,941,708,2,539,30,4014,500,1,237,235,870,688,15,1637,664,88,234,2,301,53,257,1,798,206,159,1048,473,119,1,837,219,274,49,567,1179,70,730,2,211,211,5,13
5/13/2020,1,307,1,440,1759,278,522,99,211,479,697,1,377,33,1677,346,352,176,612,1165,751,38,817,729,136,182,1,470,76,120,79,817,143,83,1045,471,120,130,707,196,1,69,259,1355,188,946,1,227,318,27,1
5/14/2020,4,351,72,498,2023,318,609,152,271,808,526,3,386,31,3239,580,1,227,827,1685,1091,50,578,793,175,393,1,691,1,383,60,1144,152,105,1329,636,110,63,938,228,262,60,329,1448,129,1067,1,245,420,29,26
5/15/2020,1,248,227,495,1772,363,621,135,150,1,823,1,374,27,2432,602,418,145,348,1239,1083,38,651,798,139,318,4,622,114,341,165,1201,139,115,941,597,124,62,986,232,218,95,271,1347,164,859,1,226,475,14,14
5/16/2020,4,307,115,462,1857,394,618,171,174,1601,466,1,279,38,2088,625,1,219,280,1512,982,45,336,342,219,322,2,853,87,356,1,1184,159,48,1110,520,151,71,989,252,1,72,318,1801,155,1011,8,188,534,16,1
5/17/2020,4,248,181,306,2046,401,716,81,123,777,554,1,323,30,1734,498,1,244,315,1077,836,39,255,311,114,173,1,530,52,448,92,1245,195,195,1376,449,73,11,623,125,409,28,100,785,170,705,1,153,379,33,38
5/18/2020,3,315,54,233,1591,305,697,147,199,854,380,1,304,1,2294,477,454,1,277,1042,958,26,534,971,156,136,2,511,31,128,40,1705,81,49,1551,531,88,64,822,137,126,40,623,909,146,752,4,295,185,1,1
5/19/2020,1,290,110,396,1365,264,314,164,168,502,640,1,394,36,1545,450,1,381,329,873,1784,28,764,855,135,272,1,677,63,277,56,974,158,140,1768,498,91,39,610,215,114,58,367,1219,134,1005,1,249,250,18,12
5/20/2020,3,368,80,331,2262,280,587,117,157,527,926,1,265,21,2388,569,199,1,278,1045,777,78,575,767,152,263,7,422,101,221,69,1386,96,120,1129,484,43,75,1,187,1,92,154,1411,192,763,1,249,577,36,21
5/21/2020,1,375,455,418,2140,315,191,237,192,1204,758,2,556,30,2268,662,1,98,1188,1114,1208,58,459,973,108,255,1,738,134,276,147,1073,125,89,1072,731,148,16,1726,169,119,73,429,945,164,1229,6,204,523,48,1
5/22/2020,2,444,154,293,2247,394,432,105,143,776,813,4,334,28,2758,473,419,119,421,805,893,71,465,792,218,402,1,758,88,303,67,1247,155,146,1249,627,169,47,866,201,463,106,433,1181,183,813,2,295,548,23,16
5/23/2020,4,375,1,431,2187,296,382,73,161,676,914,1,389,61,2352,492,1,140,115,773,1071,65,218,391,194,381,1,1107,48,237,154,385,153,295,1589,614,111,24,725,108,257,112,395,1060,203,799,2,209,503,101,10
5/24/2020,1,389,310,300,2079,477,446,1,119,740,706,1,359,31,2508,475,1,145,129,1013,818,42,164,356,236,247,1,497,53,327,1,1050,170,74,1772,503,77,39,730,84,201,95,356,839,132,495,2,160,410,42,1
5/25/2020,1,403,107,222,1848,210,405,259,156,879,506,1,325,1,1713,339,260,1,640,596,839,19,175,403,179,206,1,742,39,145,60,938,148,109,1696,566,53,22,473,70,82,23,462,623,129,1483,6,257,318,15,25
5/26/2020,2,666,151,222,2175,95,430,109,101,509,386,1,126,1,1178,363,1,1,245,422,535,35,443,784,124,273,1,176,1,221,48,672,83,118,2088,529,47,18,451,154,238,67,358,589,99,1615,5,275,296,80,12
5/27/2020,1,447,97,479,2247,296,1,72,30,379,691,1,657,73,1111,359,119,506,443,527,736,28,386,680,201,313,2,488,17,264,34,864,104,116,1525,433,92,71,780,133,207,57,341,1361,86,907,4,299,646,13,1
5/28/2020,13,467,261,501,2717,202,271,86,75,651,649,1,213,32,1527,631,1,1,305,675,1286,52,336,571,181,328,4,784,42,357,55,1187,122,95,1474,476,41,48,625,132,165,83,373,1855,215,1152,3,270,564,39,24
5/29/2020,5,513,1,702,2189,354,203,46,65,1212,600,3,353,38,1622,490,382,107,1,617,1279,37,319,454,122,418,8,1076,39,285,100,1029,112,142,1250,651,68,45,1297,178,343,73,406,1230,343,1132,1,294,766,45,17
5/30/2020,4,536,475,790,2992,492,260,179,186,927,616,2,318,34,1462,653,1,280,775,789,1027,56,205,168,167,439,12,1185,34,393,106,764,129,145,1889,468,80,54,692,104,263,94,481,1332,269,1078,2,228,539,23,7
5/31/2020,1,544,240,681,3705,485,179,84,76,739,700,2,308,36,1343,363,1,240,339,664,763,43,247,141,185,272,10,916,23,251,53,837,131,98,2419,479,88,58,515,76,467,33,440,1949,264,996,4,181,182,36,5
6/1/2020,33,460,190,187,2423,280,539,56,107,667,632,1,145,1,974,256,292,342,425,3840,549,24,245,575,180,251,4,674,48,196,106,473,65,95,2762,471,67,59,352,99,287,41,548,593,202,791,2,342,172,7,7
6/2/2020,20,279,1,1127,2304,199,239,29,80,617,589,1,319,67,1614,407,1,139,405,358,848,28,290,479,248,268,4,626,21,244,34,627,111,142,2390,366,119,33,612,107,267,33,821,1688,203,841,5,288,419,24,1
6/3/2020,18,209,624,983,2377,211,112,130,27,1317,687,1,39,27,982,475,159,225,387,429,807,41,279,513,192,302,2,888,33,266,64,523,224,105,2176,442,113,64,512,105,236,95,447,1703,295,666,2,299,506,30,5
6/4/2020,8,221,1,520,2120,272,148,104,34,1419,953,1,750,57,929,384,1,295,429,471,876,28,234,401,290,238,14,1189,27,255,46,462,116,155,1430,490,102,75,538,117,354,85,298,1649,316,951,36,292,532,21,1
6/5/2020,11,315,584,1579,3094,300,221,79,27,1305,774,2,347,64,1156,482,223,272,427,494,912,36,205,398,196,199,2,1289,39,251,81,806,213,176,1660,476,1,96,445,105,448,30,400,1693,439,676,1,346,406,27,18
6/6/2020,12,656,450,1119,3115,255,358,70,72,1270,688,9,326,57,975,419,1,310,497,575,712,42,93,165,189,10,1,1370,71,262,143,557,319,194,2273,353,96,92,701,68,463,90,551,1940,546,865,19,204,338,12,6
6/7/2020,8,457,325,1438,2796,233,150,63,97,1180,589,9,189,28,867,400,1,1,330,304,491,46,55,135,111,501,5,921,45,164,1,271,128,189,2715,365,147,146,506,49,370,71,310,1425,268,1284,17,192,275,13,8
6/8/2020,19,425,314,789,2507,153,124,57,30,966,599,2,320,1,1382,226,257,189,234,190,431,18,135,448,181,498,3,938,19,91,24,333,140,137,2758,361,55,114,351,45,514,33,563,638,256,570,12,313,222,9,13
6/9/2020,10,497,340,618,2170,182,87,85,48,1096,752,1,249,50,797,410,1,232,562,263,500,18,63,430,179,1,6,676,21,118,36,299,122,244,3671,325,158,66,493,68,428,52,631,1637,237,487,9,272,300,16,10
6/10/2020,20,567,288,1556,2702,164,168,63,36,1371,731,6,315,31,625,304,162,175,418,267,561,31,15,333,274,715,7,1011,40,131,53,550,43,134,2786,413,117,72,410,104,531,81,486,2504,305,439,11,277,336,19,10
6/11/2020,18,856,448,1412,3090,152,114,52,50,1698,993,3,387,40,766,411,1,62,442,511,732,30,267,219,203,1,2,1310,39,142,46,470,145,235,2239,429,146,177,467,87,682,61,477,1826,388,470,15,278,371,24,29
6/12/2020,14,865,731,1654,2702,148,228,65,67,1902,810,7,399,42,732,398,235,1,523,392,416,54,223,45,195,608,10,1768,36,290,31,348,276,279,2538,420,222,140,66,81,729,77,588,2097,325,564,9,266,354,21,18
6/13/2020,29,891,1,1540,3660,175,305,55,56,2581,1018,14,380,51,673,397,1,500,1288,336,692,36,164,2,225,257,15,1427,42,198,42,441,1,268,3438,424,225,158,463,49,785,91,415,2331,404,658,6,160,294,26,23
6/14/2020,7,1014,954,1233,3212,195,94,58,35,2016,880,17,209,46,672,366,1,1,336,208,396,36,218,6,1,168,13,1443,22,120,48,276,95,227,4663,300,158,101,336,32,840,65,891,1843,332,637,2,110,251,30,10
6/15/2020,3,657,416,1014,2597,113,147,32,76,1758,733,5,127,1,473,521,372,202,553,87,331,17,31,222,379,283,8,983,21,92,46,222,102,106,3942,428,186,184,323,76,583,30,728,1254,295,380,1,398,206,9,1
6/16/2020,12,640,274,2392,2108,169,114,19,63,2783,664,8,126,63,623,356,1,182,534,195,377,9,184,189,225,353,5,751,23,126,1,323,122,379,4681,434,228,278,362,52,612,38,670,4098,329,445,3,432,298,43,29
6/17/2020,20,400,415,1827,3455,143,80,29,41,2610,952,4,282,78,546,227,262,166,928,266,560,17,228,414,211,489,16,1002,42,180,19,277,88,184,4585,412,259,120,335,51,566,84,313,3129,407,444,1,330,285,35,25
6/18/2020,12,894,322,2519,4084,231,11,56,55,3207,882,4,393,92,593,425,1,202,1,271,260,42,301,379,283,1,25,1333,27,195,72,404,132,234,3110,700,450,148,418,71,992,59,686,3516,495,463,5,320,461,42,30
6/19/2020,14,796,703,3246,4317,228,117,49,112,3822,1097,18,421,111,831,308,378,257,1,228,319,35,299,356,293,1,11,1652,33,189,14,389,88,410,3951,609,352,206,526,59,1083,49,1188,3454,586,555,9,91,323,17,29
6/20/2020,21,547,511,3109,3893,286,158,32,70,4049,1800,27,221,128,634,315,1,176,870,286,408,25,448,436,389,1,32,1549,25,176,36,338,107,445,5902,531,331,178,504,36,1155,67,429,4430,643,650,3,14,413,51,6
6/21/2020,12,472,1,2592,4515,162,40,36,94,3494,892,14,467,135,658,362,1,120,393,125,350,19,166,453,413,1,19,1412,37,116,32,308,305,274,10553,546,478,187,464,27,907,72,656,3866,394,551,12,1,289,57,18
6/22/2020,6,433,941,2196,4230,190,27,38,45,2926,1227,11,88,1,462,210,406,89,461,149,297,14,246,307,140,1646,23,804,25,103,26,273,1,330,8130,729,218,146,456,59,1008,29,451,3280,444,471,4,455,263,9,33
6/23/2020,17,643,595,3593,5019,166,117,36,27,3286,1750,2,322,248,601,238,1,302,1356,229,404,23,240,242,1,611,3,848,7,147,14,319,129,462,6244,590,295,191,510,77,912,27,750,5489,394,529,1,190,297,30,24
6/24/2020,14,967,697,1795,7149,188,14,34,42,5511,1703,3,332,148,715,269,505,222,882,172,330,23,358,294,725,526,23,1721,42,135,13,158,144,365,5526,632,482,170,495,51,1284,66,932,5551,484,520,20,516,466,47,25
6/25/2020,24,1142,687,3056,5349,262,81,31,91,5004,1714,16,492,243,894,515,1,254,938,226,440,53,434,360,553,1092,37,1009,31,129,27,304,152,497,4178,892,438,124,579,45,1125,60,799,5996,590,432,7,483,464,32,47
6/26/2020,20,977,1,3518,4890,324,65,26,37,8942,1900,15,489,220,910,485,568,242,1354,233,338,32,340,493,493,550,26,1635,28,125,73,388,202,381,4726,987,395,250,600,69,1313,56,1410,5707,676,624,7,498,563,51,42
6/27/2020,18,900,678,3503,5972,317,147,31,74,9585,1990,16,326,283,786,435,1,1,1,373,335,52,350,417,347,465,23,1719,37,178,1,289,216,1099,6054,817,299,276,1,36,1604,91,728,5747,578,677,2,488,559,49,24
6/28/2020,29,358,570,3857,4810,226,97,32,135,8530,2225,6,477,171,646,355,1,373,1467,224,327,37,267,516,314,361,11,1605,37,251,46,309,211,821,7090,854,302,247,1126,22,1381,55,1,5357,472,489,2,549,480,56,25
6/29/2020,21,1734,947,625,8009,285,59,44,150,5266,2207,27,293,1,738,298,905,115,845,101,477,28,277,312,468,675,56,1342,44,124,43,90,190,734,7358,737,228,144,492,36,1324,35,2125,4283,564,453,6,348,326,53,33
6/30/2020,36,870,520,4682,9480,204,152,35,98,6093,1874,1,225,433,724,366,1,277,1014,114,305,34,505,442,508,680,48,1186,37,143,1,395,173,562,8505,743,585,171,618,40,1755,48,1212,6975,553,598,1,501,629,35,37
7/1/2020,38,917,420,4877,7407,204,58,38,36,6563,2946,17,444,365,828,358,547,218,2083,261,359,41,361,413,376,653,49,1843,39,135,22,261,165,645,11571,1076,355,275,636,65,1520,62,1806,8076,499,416,2,571,563,27,27
7/2/2020,39,1149,878,3333,6408,314,74,25,221,10109,3472,9,758,253,869,435,1,237,1383,195,505,34,589,494,356,870,67,1629,42,133,20,428,129,632,7177,1301,427,363,832,59,1782,67,1575,7915,554,532,17,611,584,121,36
7/3/2020,46,1754,547,4433,5688,323,71,45,192,9488,2784,20,220,223,937,528,929,297,1728,290,538,45,497,414,547,1,45,2099,65,142,20,386,244,985,6337,1091,526,342,667,22,1831,85,1822,7555,596,658,9,716,622,73,32
7/4/2020,48,997,587,2695,9153,267,1,12,73,11458,2826,29,612,401,862,517,1,1,1,210,380,24,406,1,385,1904,39,1413,57,208,35,291,256,857,8236,926,580,294,634,27,1854,50,1428,8258,676,716,2,627,776,15,24
7/5/2020,27,1091,1,3536,8597,247,1,35,132,10059,2197,24,312,376,639,576,1,1,1937,136,291,18,360,512,221,226,45,1329,37,167,1,369,287,843,9946,968,283,300,479,24,1461,35,1291,3449,410,639,11,469,533,121,28
7/6/2020,1,925,1044,3352,5699,199,259,33,165,6336,1548,24,304,363,614,323,982,776,1101,163,272,8,328,433,420,357,37,1546,33,102,40,209,193,491,10575,805,434,165,450,55,1533,42,724,5318,517,354,2,651,490,180,1
7/7/2020,46,907,259,3653,6090,192,57,54,121,7347,3406,7,372,319,587,295,1,367,1936,201,492,17,631,564,773,957,78,1346,49,117,17,267,251,876,10621,948,858,210,995,41,972,58,1359,10028,564,638,3,1087,535,19,77
7/8/2020,42,1177,1,3520,11694,407,75,73,48,9989,3420,41,480,487,980,437,717,400,1888,264,465,20,651,456,575,674,44,1435,73,155,18,161,220,516,10453,1277,673,212,849,1,1557,79,2472,9979,722,635,2,435,645,246,29
7/9/2020,46,2212,1540,4057,7031,452,101,37,69,8935,2837,23,731,430,1018,512,1,326,1843,295,586,26,512,574,795,703,95,2039,99,224,20,201,290,603,8174,1150,603,371,719,39,1782,94,1605,9782,601,613,16,521,800,119,34
7/10/2020,51,1334,751,4221,7798,409,78,64,121,11433,4484,36,744,459,1327,725,993,425,2642,213,463,13,622,604,1,1031,127,1982,84,198,21,388,234,1004,8658,1525,596,266,1009,69,1728,65,1955,9765,867,943,5,640,889,157,16
7/11/2020,62,1439,1,3038,8047,666,1,58,91,10360,3190,28,663,500,1195,779,1,451,2167,288,557,21,685,804,1134,797,84,2462,89,154,18,331,298,930,8327,1358,687,397,813,1,2280,53,1460,10351,632,851,6,637,981,91,49
7/12/2020,94,1640,1564,2537,8460,400,1,46,61,15300,2525,42,424,577,954,533,1,268,1319,199,642,19,406,710,310,868,81,1908,91,221,33,339,224,845,10841,1378,456,319,577,1,1949,45,954,8196,629,888,13,1,797,133,23
7/13/2020,60,1958,572,1357,8358,322,223,59,75,12624,3643,20,458,397,883,425,1447,264,1705,230,418,19,422,491,447,393,85,1827,108,174,30,224,255,832,10482,1261,510,268,476,175,1520,25,3314,5655,546,972,5,1438,505,52,1
7/14/2020,40,1710,794,4273,7346,329,20,40,90,9194,3394,23,320,500,707,648,1,570,2215,303,733,8,666,398,936,862,109,1956,51,227,14,393,263,1104,8669,1142,993,367,929,101,2221,48,1514,10745,448,801,4,1101,967,148,89
7/15/2020,52,1812,564,3257,11126,444,106,80,81,10181,3871,21,442,316,1187,685,875,454,2089,217,756,12,1049,572,888,1025,144,1782,72,318,23,363,223,849,7917,1316,1075,276,994,52,1856,80,2273,7307,413,1084,13,547,848,150,34
7/16/2020,401,2021,817,3259,8544,469,114,50,64,13965,3441,28,841,727,1257,710,1,406,2280,234,648,20,926,605,708,1230,135,2160,103,262,22,223,327,1447,9298,1290,628,428,781,71,1838,42,2479,10291,954,904,7,742,942,100,41
7/17/2020,49,2003,648,3910,9986,571,143,39,223,11466,3908,19,590,688,1427,733,1032,522,2179,298,707,38,754,666,866,1032,135,2051,124,155,52,50,297,1380,6984,1679,699,293,1032,82,1977,95,2279,14916,727,1002,9,1267,929,126,43
7/18/2020,78,2143,1,2742,9199,618,1,79,92,10328,4689,23,185,619,1276,841,1,579,1,359,835,10,745,457,960,1017,105,2481,115,227,1,263,318,1182,7195,1542,916,347,763,1,1552,73,2517,10158,760,940,4,754,1031,111,39
7/19/2020,118,1777,771,2359,9329,444,1,67,90,12478,3251,20,816,550,965,917,1,977,3116,296,925,41,530,734,846,792,62,1820,112,120,38,1,280,1288,7683,1110,209,430,786,1,2374,44,1779,7300,785,1057,12,959,849,148,18
7/20/2020,137,1880,1394,1559,6846,354,162,78,1,10347,2452,27,443,571,1173,635,1369,253,3186,255,554,24,527,903,530,1251,88,1268,107,102,1,180,235,948,7377,1236,168,268,711,111,1459,37,1639,7404,409,945,10,920,727,100,61
7/21/2020,111,1467,728,3500,9231,424,41,88,227,9440,3413,12,308,393,955,710,1,646,1691,244,860,12,664,350,1138,1635,91,1815,81,264,46,293,244,815,6447,1047,893,292,1027,82,1892,76,2190,9305,486,996,6,797,1161,57,51
7/22/2020,94,1455,591,1926,12807,493,127,102,46,9785,3314,25,319,556,1598,757,770,480,2771,287,627,1,671,504,1301,1547,101,2140,160,343,13,389,302,1129,5146,1527,975,254,631,76,1705,58,2473,9879,566,1022,1,832,747,7,50
7/23/2020,65,2399,1013,2335,12040,639,9,42,132,10249,4286,17,841,500,1624,929,1,607,2296,1,664,14,701,760,1637,982,97,1892,126,296,33,242,311,1262,4790,1444,668,320,962,86,1564,66,2570,9507,521,844,11,672,1086,344,58
7/24/2020,64,1793,990,3357,9718,616,544,78,278,12444,4813,55,637,414,1599,996,1005,784,2084,327,930,20,641,767,1652,1610,129,2102,121,332,23,458,335,966,5707,1560,1147,391,1213,76,2001,57,2091,8701,863,1127,8,762,1058,145,59
7/25/2020,120,2125,1,3740,10066,666,1,68,1,12199,3787,59,400,528,1426,922,1,833,1,621,1288,33,1,803,1357,1434,221,2097,122,356,97,513,312,931,4812,1438,965,388,1054,1,1401,105,1718,6020,661,1245,11,815,988,126,41
7/26/2020,234,1164,1374,1973,8259,809,1,63,115,9344,2765,71,529,563,1541,852,1,315,3840,369,694,24,1589,862,1218,1207,82,1621,140,221,21,505,313,1027,3254,889,1204,266,800,1,1191,90,3140,5810,350,958,4,1025,965,139,29
